{
  "format_version": "1.10.0",
  "animation_controllers": {
    "controller.animation.pa_pg": {
      "initial_state": "default",
      "states": {
        "default": {
          "transitions": [
            {
              "shoot": "query.mark_variant == 1 && query.get_equipped_item_name=='pg' && query.item_remaining_use_duration > 1"
            }
          ],
          "on_entry": [
            "@s pa:pg_fire",
            "/replaceitem entity @s slot.weapon.mainhand 0 pa:pg 1 2"
          ]
        },
        "shoot": {
          "transitions": [
            {
              "default": "query.mark_variant == 1 && query.get_equipped_item_name=='pg' && query.item_remaining_use_duration > 1"
            }
          ],
          "on_entry": [
            "@s pa:pg_fire",
            "/replaceitem entity @s slot.weapon.mainhand 0 pa:pg 1 1"
          ]
        }
      }
    }
  }
}